{
  "business": {
    "name": "The PartyBox",
    "tagline": "Where Every Celebration Takes Flight!",
    "phone": "01708 898374",
    "address": "9 Station Parade, Hornchurch RM12 5AB",
    "hours": "Mon-Sat: 9am-6pm",
    "email": "info@thepartybox.co.uk",
    "social": {
      "facebook": "https://facebook.com/thepartyboxhornchurch",
      "instagram": "https://instagram.com/thepartyboxhornchurch",
      "twitter": "https://twitter.com/thepartyboxrm12"
    }
  },
  "hero": {
    "title": "Where Every Celebration Takes Flight!",
    "subtitle": "The PartyBox: Your Hornchurch Destination for Bespoke Balloon Artistry",
    "description": "We don't just sell balloons—we craft unforgettable moments with custom, high-quality designs for all events.",
    "image": "https://images.unsplash.com/photo-1514228742587-6b1558fcf93a?ixlib=rb-4.0.3&auto=format&fit=crop&w=1200&q=80",
    "cta": {
      "primary": "View Our Gallery",
      "secondary": "Request a Custom Quote"
    }
  },
  "features": [
    {
      "id": 1,
      "title": "Custom Designs",
      "description": "Bespoke balloon artistry tailored to your event",
      "icon": "fa-palette"
    },
    {
      "id": 2,
      "title": "Fast Delivery",
      "description": "Quick delivery throughout Hornchurch and Essex",
      "icon": "fa-truck"
    },
    {
      "id": 3,
      "title": "Premium Quality",
      "description": "High-quality materials for lasting impressions",
      "icon": "fa-star"
    }
  ],
  "gallery": {
    "categories": [
      {
        "id": "birthdays",
        "name": "Birthdays",
        "description": "Make birthdays magical with themed balloon decorations",
        "images": [
          {
            "id": "bday-1",
            "url": "https://images.unsplash.com/photo-1606216794074-735e91aa2d28?ixlib=rb-4.0.3&auto=format&fit=crop&w=800&q=80",
            "title": "Colorful Birthday Balloon Arrangement",
            "description": "Vibrant birthday celebration with custom balloon display",
            "tags": ["birthday", "colorful", "celebration"]
          },
          {
            "id": "bday-2",
            "url": "https://images.unsplash.com/photo-1571115764595-644a1f56a55c?ixlib=rb-4.0.3&auto=format&fit=crop&w=800&q=80",
            "title": "Birthday Party Setup",
            "description": "Complete birthday party decoration with balloons",
            "tags": ["birthday", "party", "setup"]
          },
          {
            "id": "bday-3",
            "url": "https://images.unsplash.com/photo-1516044734451-3930665b0c83?ixlib=rb-4.0.3&auto=format&fit=crop&w=800&q=80",
            "title": "Kids Birthday Balloons",
            "description": "Fun and colorful balloons for children's birthday parties",
            "tags": ["birthday", "kids", "colorful"]
          }
        ]
      },
      {
        "id": "weddings",
        "name": "Weddings",
        "description": "Elegant balloon designs for your special day",
        "images": [
          {
            "id": "wed-1",
            "url": "https://images.unsplash.com/photo-1515934751635-481eff0427b2?ixlib=rb-4.0.3&auto=format&fit=crop&w=800&q=80",
            "title": "Wedding Balloon Arch",
            "description": "Beautiful balloon arch for wedding ceremony",
            "tags": ["wedding", "arch", "ceremony"]
          },
          {
            "id": "wed-2",
            "url": "https://images.unsplash.com/photo-1464207687429-7505649dae38?ixlib=rb-4.0.3&auto=format&fit=crop&w=800&q=80",
            "title": "Romantic Wedding Setup",
            "description": "Elegant balloon decorations for wedding reception",
            "tags": ["wedding", "romantic", "reception"]
          },
          {
            "id": "wed-3",
            "url": "https://images.unsplash.com/photo-1519167758481-83f550bb49b3?ixlib=rb-4.0.3&auto=format&fit=crop&w=800&q=80",
            "title": "White Wedding Balloons",
            "description": "Classic white balloon arrangements for weddings",
            "tags": ["wedding", "white", "elegant"]
          }
        ]
      },
      {
        "id": "corporate",
        "name": "Corporate",
        "description": "Professional balloon displays for business events",
        "images": [
          {
            "id": "corp-1",
            "url": "https://images.unsplash.com/photo-1519677100203-a0e668c92439?ixlib=rb-4.0.3&auto=format&fit=crop&w=800&q=80",
            "title": "Corporate Event Setup",
            "description": "Professional balloon decorations for corporate events",
            "tags": ["corporate", "professional", "event"]
          },
          {
            "id": "corp-2",
            "url": "https://images.unsplash.com/photo-1519167758481-83f550bb49b3?ixlib=rb-4.0.3&auto=format&fit=crop&w=800&q=80",
            "title": "Business Event Balloons",
            "description": "Corporate branding with balloon displays",
            "tags": ["corporate", "branding", "business"]
          },
          {
            "id": "corp-3",
            "url": "https://images.unsplash.com/photo-1601584115197-04f8e7e087ff?ixlib=rb-4.0.3&auto=format&fit=crop&w=800&q=80",
            "title": "Corporate Balloon Arch",
            "description": "Professional balloon arch for corporate entrance",
            "tags": ["corporate", "arch", "entrance"]
          }
        ]
      }
    ]
  },
  "testimonials": [
    {
      "id": 1,
      "name": "Sarah Johnson",
      "location": "Hornchurch",
      "rating": 5,
      "comment": "Absolutely fantastic service! The balloon arch for my daughter's birthday was stunning. Professional, creative, and reliable!"
    },
    {
      "id": 2,
      "name": "Michael Chen",
      "location": "Romford",
      "rating": 5,
      "comment": "The corporate event balloons were perfect! Great attention to detail and excellent customer service. Highly recommend!"
    },
    {
      "id": 3,
      "name": "Emma & David",
      "location": "Upminster",
      "rating": 5,
      "comment": "Beautiful wedding balloon decorations! They made our special day even more magical. Thank you PartyBox!"
    }
  ],
  "services": [
    {
      "id": 1,
      "title": "Balloon Bouquets",
      "description": "Beautiful balloon arrangements perfect for any celebration",
      "icon": "fa-gift",
      "image": "https://images.unsplash.com/photo-1606216794074-735e91aa2d28?w=400&h=300&fit=crop&crop=center"
    },
    {
      "id": 2,
      "title": "Balloon Arches",
      "description": "Stunning entrance arches and photo backdrops",
      "icon": "fa-archway",
      "image": "https://images.unsplash.com/photo-1515934751635-481eff0427b2?w=400&h=300&fit=crop&crop=center"
    },
    {
      "id": 3,
      "title": "Balloon Columns",
      "description": "Elegant columns for weddings and corporate events",
      "icon": "fa-columns",
      "image": "https://images.unsplash.com/photo-1519677100203-a0e668c92439?w=400&h=300&fit=crop&crop=center"
    },
    {
      "id": 4,
      "title": "Delivery Service",
      "description": "Fast and reliable delivery throughout Essex",
      "icon": "fa-truck-fast",
      "image": "https://images.unsplash.com/photo-1601584115197-04f8e7e087ff?w=400&h=300&fit=crop&crop=center"
    }
  ],
  "seo": {
    "home": {
      "title": "The PartyBox | Custom Balloons & Party Decor in Hornchurch",
      "description": "The PartyBox: Your Hornchurch destination for bespoke balloon artistry. Custom balloon designs for birthdays, weddings, and corporate events. Call 01708 898374.",
      "keywords": ["balloon shop Hornchurch", "custom balloon designs Essex", "party decorations", "balloon arches", "balloon bouquets"]
    },
    "gallery": {
      "title": "Gallery - The PartyBox | Custom Balloons & Party Decor in Hornchurch",
      "description": "Browse our stunning balloon gallery featuring birthday, wedding, and corporate event decorations. The PartyBox Hornchurch - Call 01708 898374.",
      "keywords": ["balloon gallery Hornchurch", "birthday balloons Essex", "wedding balloons", "corporate balloon displays"]
    }
  }
}